generation,error,triangles
0,38.9205,1
1,30.5849,2
2,25.0448,3
3,20.0247,7
4,17.4877,7
5,15.0556,10
6,13.5648,9
7,12.7330,13
8,12.7330,13
9,11.9506,18
10,11.1181,13
11,10.7585,18
12,10.6644,20
13,10.2623,18
14,9.8179,18
15,8.7832,20
16,8.7832,20
17,8.7770,20
18,8.7770,20
19,8.2855,17
20,8.1590,17
21,8.1111,20
22,7.7168,15
23,7.7168,15
24,7.2778,20
25,7.2778,20
26,7.2778,20
27,7.0826,19
28,7.0826,19
29,7.0826,19
30,6.9861,20
31,6.9290,20
32,6.8542,20
33,6.7901,20
34,6.7793,20
35,6.7431,20
36,6.6512,20
37,6.5008,19
38,6.5008,19
39,6.5008,19
40,6.3989,20
41,6.3681,20
42,6.3657,20
43,6.3657,20
44,6.3657,20
45,6.3657,20
46,6.3657,20
47,6.3657,20
48,6.3634,20
49,6.1728,20
50,6.1728,20
51,6.1728,20
52,6.1728,20
53,6.1728,20
54,6.1728,20
55,6.1728,20
56,5.9877,20
57,5.8719,17
58,5.8719,17
59,5.8719,17
60,5.8719,17
61,5.6196,15
62,5.6196,15
63,5.5031,20
64,5.5031,20
65,5.5031,20
66,5.5031,20
67,5.5031,20
68,5.5031,20
69,5.5031,20
70,5.5031,20
71,5.5031,20
72,5.5031,20
73,5.5031,20
74,5.5031,20
75,5.5031,20
76,5.5031,20
77,5.5000,20
78,5.5000,20
79,5.5000,20
80,5.4437,20
81,5.4437,20
82,5.4437,20
83,5.4437,20
84,5.4437,20
85,5.4437,20
86,5.4437,20
87,5.4437,20
88,5.4437,20
89,5.4421,20
90,5.4244,19
91,5.4244,19
92,5.4244,19
93,5.4244,19
94,5.4244,19
95,5.4059,20
96,5.3920,20
97,5.3850,20
98,5.3850,20
99,5.3850,20
100,5.3850,20
101,5.3241,20
102,5.3241,20
103,5.3241,20
104,5.3241,20
105,5.3241,20
106,5.3241,20
107,5.3241,20
108,5.3241,20
109,5.3233,20
110,5.3233,20
111,5.3225,20
112,5.3225,20
113,5.3225,20
114,5.2423,20
115,5.2423,20
116,5.1644,17
117,5.1644,17
118,5.1644,17
119,5.1644,17
120,5.1644,17
121,5.1644,17
122,5.1644,17
123,5.1644,17
124,5.1644,17
125,5.1644,17
126,5.1644,17
127,5.1644,17
128,5.1644,17
129,5.1644,17
130,5.1644,17
131,5.1644,17
132,5.1644,17
133,5.1644,17
134,5.1644,17
135,5.1644,17
136,5.1304,20
137,5.1304,20
138,5.0409,20
139,5.0409,20
140,5.0409,20
141,5.0409,20
142,5.0409,20
143,5.0409,20
144,5.0409,20
145,5.0409,20
146,5.0409,20
147,5.0409,20
148,5.0409,20
149,5.0409,20
150,5.0394,20
151,5.0394,20
152,5.0394,20
153,5.0394,20
154,5.0394,20
155,5.0394,20
156,5.0394,20
157,5.0394,20
158,5.0394,20
159,5.0394,20
160,5.0093,20
161,5.0093,20
162,5.0093,20
163,5.0093,20
164,5.0093,20
165,5.0093,20
166,4.9915,20
167,4.9915,20
168,4.9444,20
169,4.9444,20
170,4.9444,20
171,4.9444,20
172,4.9444,20
173,4.9444,20
174,4.9429,20
175,4.9429,20
176,4.9429,20
177,4.9429,20
178,4.9012,20
179,4.9012,20
180,4.9012,20
181,4.9012,20
182,4.9012,20
183,4.9012,20
184,4.9012,20
185,4.9012,20
186,4.9012,20
187,4.9012,20
188,4.9012,20
189,4.9012,20
190,4.9012,20
191,4.9012,20
192,4.9012,20
193,4.9012,20
194,4.8719,19
195,4.8719,19
196,4.8704,19
197,4.8704,19
198,4.8696,19
199,4.8696,19
200,4.8696,19
201,4.8696,19
202,4.8696,19
203,4.8696,19
204,4.8696,19
205,4.8696,19
206,4.8696,19
207,4.8696,19
208,4.8696,19
209,4.8696,19
210,4.8696,19
211,4.7191,20
212,4.7191,20
213,4.7191,20
214,4.7153,20
215,4.7153,20
216,4.7153,20
217,4.7153,20
218,4.7153,20
219,4.7014,20
220,4.7014,20
221,4.7014,20
222,4.7014,20
223,4.6852,20
224,4.6736,20
225,4.6736,20
226,4.6736,20
227,4.6736,20
228,4.6736,20
229,4.6736,20
230,4.6736,20
231,4.6736,20
232,4.6736,20
233,4.6736,20
234,4.6520,20
235,4.6520,20
236,4.6520,20
237,4.6520,20
238,4.6520,20
239,4.6520,20
240,4.6520,20
241,4.6520,20
242,4.6520,20
243,4.6520,20
244,4.6520,20
245,4.6520,20
246,4.6520,20
247,4.6512,20
248,4.6512,20
249,4.6512,20
250,4.6512,20
251,4.6512,20
252,4.6512,20
253,4.6512,20
254,4.6512,20
255,4.6512,20
256,4.6512,20
257,4.6512,20
258,4.6512,20
259,4.6512,20
260,4.6512,20
261,4.6512,20
262,4.6512,20
263,4.6512,20
264,4.6512,20
265,4.6512,20
266,4.6512,20
267,4.6512,20
268,4.6512,20
269,4.6512,20
270,4.6512,20
271,4.6512,20
272,4.6289,20
273,4.6289,20
274,4.6289,20
275,4.6289,20
276,4.6289,20
277,4.6289,20
278,4.6289,20
279,4.6289,20
280,4.6289,20
281,4.6289,20
282,4.6289,20
283,4.6289,20
284,4.6289,20
285,4.6289,20
286,4.6289,20
287,4.6289,20
288,4.6289,20
289,4.6289,20
290,4.6289,20
291,4.6289,20
292,4.6289,20
293,4.6289,20
294,4.6289,20
295,4.6289,20
296,4.6289,20
297,4.6289,20
298,4.6289,20
299,4.6289,20
300,4.6289,20
301,4.6289,20
302,4.6289,20
303,4.6289,20
304,4.6289,20
305,4.6289,20
306,4.5934,20
307,4.5926,20
308,4.5926,20
309,4.5926,20
310,4.5926,20
311,4.5926,20
312,4.5926,20
313,4.5926,20
314,4.5926,20
315,4.5926,20
316,4.5926,20
317,4.5926,20
318,4.5926,20
319,4.5926,20
320,4.5926,20
321,4.5926,20
322,4.5926,20
323,4.5926,20
324,4.5926,20
325,4.5918,20
326,4.5918,20
327,4.5918,20
328,4.5918,20
329,4.5918,20
330,4.5918,20
331,4.5918,20
332,4.5918,20
333,4.5918,20
334,4.5918,20
335,4.5918,20
336,4.5918,20
337,4.5918,20
338,4.5918,20
339,4.5918,20
340,4.5918,20
341,4.5918,20
342,4.5918,20
343,4.5918,20
344,4.5918,20
345,4.5818,20
346,4.5818,20
347,4.5818,20
348,4.5818,20
349,4.5818,20
350,4.5818,20
351,4.5818,20
352,4.5818,20
353,4.5818,20
354,4.5818,20
355,4.5818,20
356,4.5802,20
357,4.5802,20
358,4.5802,20
359,4.5802,20
360,4.5802,20
361,4.5802,20
362,4.5802,20
363,4.5802,20
364,4.5802,20
365,4.5802,20
366,4.5802,20
367,4.5802,20
368,4.5802,20
369,4.5802,20
370,4.5802,20
371,4.5802,20
372,4.5748,20
373,4.5748,20
374,4.5748,20
375,4.5748,20
376,4.5748,20
377,4.5748,20
378,4.5748,20
379,4.5748,20
380,4.5748,20
381,4.5748,20
382,4.5748,20
383,4.5748,20
384,4.5748,20
385,4.5748,20
386,4.5748,20
387,4.5748,20
388,4.5748,20
389,4.5748,20
390,4.5748,20
391,4.5748,20
392,4.5748,20
393,4.5748,20
394,4.5748,20
395,4.5748,20
396,4.5748,20
397,4.5748,20
398,4.5748,20
399,4.5748,20
400,4.5748,20
401,4.5748,20
402,4.5748,20
403,4.5748,20
404,4.5748,20
405,4.5748,20
406,4.5748,20
407,4.5748,20
408,4.5748,20
409,4.5718,20
410,4.5718,20
411,4.5718,20
412,4.5718,20
413,4.5718,20
414,4.5718,20
415,4.5718,20
416,4.5718,20
417,4.5718,20
418,4.5718,20
419,4.5718,20
420,4.5718,20
421,4.5718,20
422,4.5718,20
423,4.5718,20
424,4.5718,20
425,4.5718,20
426,4.5718,20
427,4.5694,20
428,4.5694,20
429,4.5694,20
430,4.5694,20
431,4.5694,20
432,4.5694,20
433,4.5517,20
434,4.5517,20
435,4.5517,20
436,4.5401,17
437,4.5401,17
438,4.5401,17
439,4.5401,17
440,4.5401,17
441,4.5401,17
442,4.5401,17
443,4.5401,17
444,4.5401,17
445,4.5401,17
446,4.5401,17
447,4.5401,17
448,4.5401,17
449,4.5401,17
450,4.5401,17
451,4.5401,17
452,4.5401,17
453,4.5401,17
454,4.5401,17
455,4.5401,17
456,4.5401,17
457,4.5309,17
458,4.5309,17
459,4.5309,17
460,4.5309,17
461,4.5309,17
462,4.5309,17
463,4.5309,17
464,4.5309,17
465,4.5309,17
466,4.5309,17
467,4.5309,17
468,4.5309,17
469,4.5309,17
470,4.5239,18
471,4.5239,18
472,4.5239,18
473,4.5239,18
474,4.5239,18
475,4.5239,18
476,4.5239,18
477,4.5239,18
478,4.5239,18
479,4.5239,18
480,4.5123,20
481,4.5123,20
482,4.5123,20
483,4.5123,20
484,4.5123,20
485,4.5123,20
486,4.5093,20
487,4.5093,20
488,4.5093,20
489,4.5093,20
490,4.4606,20
491,4.4606,20
492,4.4606,20
493,4.4606,20
494,4.4606,20
495,4.4606,20
496,4.4606,20
497,4.4498,20
498,4.4498,20
499,4.4498,20
500,4.4498,20
501,4.4498,20
502,4.4498,20
503,4.4498,20
504,4.4498,20
505,4.4498,20
506,4.4498,20
507,4.4498,20
508,4.4498,20
509,4.4498,20
510,4.4498,20
511,4.4498,20
512,4.4498,20
513,4.4498,20
514,4.4498,20
515,4.4498,20
516,4.4444,20
517,4.4444,20
518,4.4444,20
519,4.4444,20
520,4.3974,20
521,4.3974,20
522,4.3218,20
523,4.3218,20
524,4.3218,20
525,4.3218,20
526,4.3218,20
527,4.3218,20
528,4.2963,20
529,4.2963,20
530,4.2963,20
531,4.2963,20
532,4.2963,20
533,4.2963,20
534,4.2963,20
535,4.2963,20
536,4.2963,20
537,4.2963,20
538,4.2963,20
539,4.2963,20
540,4.2963,20
541,4.2963,20
542,4.2963,20
543,4.2963,20
544,4.2963,20
545,4.2963,20
546,4.2963,20
547,4.2963,20
548,4.2963,20
549,4.2963,20
550,4.2963,20
551,4.2963,20
552,4.2963,20
553,4.2963,20
554,4.2963,20
555,4.2963,20
556,4.2963,20
557,4.2963,20
558,4.2963,20
559,4.2963,20
560,4.2832,20
561,4.2832,20
562,4.2832,20
563,4.2832,20
564,4.2616,20
565,4.2616,20
566,4.2616,20
567,4.2616,20
568,4.2616,20
569,4.2616,20
570,4.2616,20
571,4.2616,20
572,4.2616,20
573,4.2539,20
574,4.2539,20
575,4.2539,20
576,4.2539,20
577,4.2539,20
578,4.2539,20
579,4.2539,20
580,4.2539,20
581,4.2539,20
582,4.2539,20
583,4.2539,20
584,4.2539,20
585,4.2539,20
586,4.2539,20
587,4.2539,20
588,4.2539,20
589,4.2539,20
590,4.2539,20
591,4.2539,20
592,4.2539,20
593,4.2539,20
594,4.2539,20
595,4.2539,20
596,4.2539,20
597,4.2539,20
598,4.2539,20
599,4.2539,20
600,4.2485,20
601,4.2485,20
602,4.2485,20
603,4.2485,20
604,4.2485,20
605,4.2485,20
606,4.2485,20
607,4.2485,20
608,4.2485,20
609,4.2485,20
610,4.2485,20
611,4.2485,20
612,4.2485,20
613,4.2485,20
614,4.2485,20
615,4.2485,20
616,4.2485,20
617,4.2485,20
618,4.2485,20
619,4.2485,20
620,4.2485,20
621,4.2485,20
622,4.2485,20
623,4.2485,20
624,4.2485,20
625,4.2477,20
626,4.2477,20
627,4.2477,20
628,4.2477,20
629,4.2477,20
630,4.2477,20
631,4.2477,20
632,4.2477,20
633,4.2353,20
634,4.2353,20
635,4.2353,20
636,4.2353,20
637,4.2353,20
638,4.2353,20
639,4.2353,20
640,4.2353,20
641,4.2353,20
642,4.2353,20
643,4.2353,20
644,4.2353,20
645,4.2353,20
646,4.2353,20
647,4.2353,20
648,4.2353,20
649,4.2353,20
650,4.2353,20
651,4.2353,20
652,4.2353,20
653,4.2353,20
654,4.2353,20
655,4.2353,20
656,4.2353,20
657,4.2353,20
658,4.2353,20
659,4.2353,20
660,4.2353,20
661,4.2137,20
662,4.2130,20
663,4.2130,20
664,4.2130,20
665,4.2130,20
666,4.2130,20
667,4.2130,20
668,4.2130,20
669,4.2130,20
670,4.2130,20
671,4.2130,20
672,4.2130,20
673,4.2130,20
674,4.2130,20
675,4.2130,20
676,4.2130,20
677,4.2130,20
678,4.2130,20
679,4.2130,20
680,4.2130,20
681,4.2130,20
682,4.2130,20
683,4.2130,20
684,4.2130,20
685,4.2130,20
686,4.2130,20
687,4.2130,20
688,4.2130,20
689,4.2130,20
690,4.2130,20
691,4.2130,20
692,4.2130,20
693,4.2130,20
694,4.2130,20
695,4.2130,20
696,4.2130,20
697,4.2130,20
698,4.2130,20
699,4.2130,20
700,4.2130,20
701,4.2130,20
702,4.2130,20
703,4.2130,20
704,4.2130,20
705,4.2130,20
706,4.2130,20
707,4.2130,20
708,4.2130,20
709,4.2130,20
710,4.2130,20
711,4.2130,20
712,4.2106,20
713,4.2106,20
714,4.2106,20
715,4.2106,20
716,4.2106,20
717,4.2060,20
718,4.2060,20
719,4.2060,20
720,4.2060,20
721,4.2060,20
722,4.2060,20
723,4.2060,20
724,4.2060,20
725,4.2060,20
726,4.2060,20
727,4.2060,20
728,4.1775,20
729,4.1435,20
730,4.1435,20
731,4.1435,20
732,4.1435,20
733,4.1435,20
734,4.1435,20
735,4.1211,20
736,4.1211,20
737,4.1211,20
738,4.1211,20
739,4.1211,20
740,4.1211,20
741,4.1211,20
742,4.1211,20
743,4.1211,20
744,4.1211,20
745,4.1211,20
746,4.1211,20
747,4.1211,20
748,4.1211,20
749,4.1211,20
750,4.1211,20
751,4.1211,20
752,4.1211,20
753,4.1211,20
754,4.1211,20
755,4.1211,20
756,4.1211,20
757,4.1211,20
758,4.1211,20
759,4.1211,20
760,4.1211,20
761,4.1211,20
762,4.1211,20
763,4.1211,20
764,4.1211,20
765,4.1211,20
766,4.1211,20
767,4.1211,20
768,4.1211,20
769,4.1211,20
770,4.1211,20
771,4.1211,20
772,4.1211,20
773,4.1150,20
774,4.1150,20
775,4.1150,20
776,4.1150,20
777,4.1150,20
778,4.1103,20
779,4.1103,20
780,4.0100,20
781,4.0100,20
782,4.0100,20
783,4.0015,20
784,4.0015,20
785,4.0015,20
786,4.0015,20
787,4.0015,20
788,4.0015,20
789,4.0015,20
790,4.0015,20
791,4.0015,20
792,4.0015,20
793,4.0015,20
794,4.0015,20
795,4.0015,20
796,4.0015,20
797,4.0015,20
798,4.0015,20
799,4.0015,20
800,4.0015,20
801,4.0015,20
802,4.0015,20
803,4.0015,20
804,4.0015,20
805,4.0015,20
806,4.0015,20
807,4.0015,20
808,3.9884,20
809,3.9877,20
810,3.9877,20
811,3.9877,20
812,3.9877,20
813,3.9877,20
814,3.9877,20
815,3.9877,20
816,3.9877,20
817,3.9498,20
818,3.9498,20
819,3.9498,20
820,3.9498,20
821,3.9498,20
822,3.9498,20
823,3.9498,20
824,3.9498,20
825,3.9498,20
826,3.9128,20
827,3.9128,20
828,3.9128,20
829,3.9128,20
830,3.9113,20
831,3.9113,20
832,3.9113,20
833,3.9113,20
834,3.9113,20
835,3.9113,20
836,3.9113,20
837,3.9113,20
838,3.9113,20
839,3.9113,20
840,3.9113,20
841,3.9113,20
842,3.9113,20
843,3.9113,20
844,3.9113,20
845,3.9113,20
846,3.9113,20
847,3.9113,20
848,3.9113,20
849,3.9113,20
850,3.9113,20
851,3.9113,20
852,3.9113,20
853,3.9113,20
854,3.9113,20
855,3.9113,20
856,3.9113,20
857,3.9113,20
858,3.9113,20
859,3.9113,20
860,3.9113,20
861,3.9113,20
862,3.9113,20
863,3.9113,20
864,3.9113,20
865,3.9113,20
866,3.9090,20
867,3.9090,20
868,3.9082,20
869,3.9082,20
870,3.9082,20
871,3.9028,20
872,3.9028,20
873,3.9028,20
874,3.9028,20
875,3.9028,20
876,3.9028,20
877,3.9028,20
878,3.9028,20
879,3.9028,20
880,3.9028,20
881,3.9028,20
882,3.9028,20
883,3.9028,20
884,3.9028,20
885,3.8997,20
886,3.8997,20
887,3.8997,20
888,3.8997,20
889,3.8997,20
890,3.8997,20
891,3.8997,20
892,3.8997,20
893,3.8997,20
894,3.8997,20
895,3.8997,20
896,3.8997,20
897,3.8997,20
898,3.8997,20
899,3.8997,20
900,3.8997,20
901,3.8997,20
902,3.8958,20
903,3.8958,20
904,3.8958,20
905,3.8958,20
906,3.8958,20
907,3.8958,20
908,3.8958,20
909,3.8958,20
910,3.8958,20
911,3.8958,20
912,3.8958,20
913,3.8958,20
914,3.8958,20
915,3.8958,20
916,3.8958,20
917,3.8958,20
918,3.8958,20
919,3.8920,20
920,3.8920,20
921,3.8920,20
922,3.8920,20
923,3.8920,20
924,3.8920,20
925,3.8920,20
926,3.8920,20
927,3.8920,20
928,3.8920,20
929,3.8920,20
930,3.8920,20
931,3.8920,20
932,3.8920,20
933,3.8920,20
934,3.8920,20
935,3.8920,20
936,3.8920,20
937,3.8920,20
938,3.8920,20
939,3.8920,20
940,3.8920,20
941,3.8920,20
942,3.8920,20
943,3.8920,20
944,3.8920,20
945,3.8920,20
946,3.8920,20
947,3.8920,20
948,3.8920,20
949,3.8920,20
950,3.8920,20
951,3.8920,20
952,3.8920,20
953,3.8920,20
954,3.8920,20
955,3.8920,20
956,3.8920,20
957,3.8920,20
958,3.8920,20
959,3.8920,20
960,3.8920,20
961,3.8920,20
962,3.8920,20
963,3.8920,20
964,3.8920,20
965,3.8920,20
966,3.8920,20
967,3.8920,20
968,3.8920,20
969,3.8920,20
970,3.8920,20
971,3.8920,20
972,3.8920,20
973,3.8920,20
974,3.8920,20
975,3.8920,20
976,3.8920,20
977,3.8920,20
978,3.8920,20
979,3.8920,20
980,3.8920,20
981,3.8920,20
982,3.8920,20
983,3.8920,20
984,3.8920,20
985,3.8889,20
986,3.8889,20
987,3.8889,20
988,3.8889,20
989,3.8889,20
990,3.8889,20
991,3.8889,20
992,3.8889,20
993,3.8889,20
994,3.8889,20
995,3.8835,20
996,3.8835,20
997,3.8835,20
998,3.8835,20
999,3.8835,20
1000,3.8835,20
1001,3.8796,20
1002,3.8796,20
1003,3.8796,20
1004,3.8796,20
1005,3.8796,20
1006,3.8796,20
1007,3.8796,20
1008,3.8796,20
1009,3.8796,20
1010,3.8796,20
1011,3.8796,20
1012,3.8796,20
1013,3.8796,20
1014,3.8796,20
1015,3.8796,20
1016,3.8796,20
1017,3.8796,20
1018,3.8796,20
1019,3.8796,20
1020,3.8796,20
1021,3.8796,20
1022,3.8796,20
1023,3.8796,20
1024,3.8796,20
1025,3.8796,20
1026,3.8796,20
1027,3.8781,20
1028,3.8781,20
1029,3.8781,20
1030,3.8781,20
1031,3.8781,20
1032,3.8781,20
1033,3.8781,20
1034,3.8781,20
1035,3.8781,20
1036,3.8781,20
1037,3.8781,20
1038,3.8781,20
1039,3.8781,20
1040,3.8781,20
1041,3.8781,20
1042,3.8673,20
1043,3.8673,20
1044,3.8673,20
1045,3.8673,20
1046,3.8673,20
1047,3.8673,20
1048,3.8673,20
1049,3.8673,20
1050,3.8673,20
1051,3.8673,20
1052,3.8673,20
1053,3.8673,20
1054,3.8673,20
1055,3.8673,20
1056,3.8673,20
1057,3.8673,20
1058,3.8673,20
1059,3.8673,20
1060,3.8673,20
1061,3.8673,20
1062,3.8673,20
1063,3.8673,20
1064,3.8673,20
1065,3.8673,20
1066,3.8673,20
1067,3.8673,20
1068,3.8673,20
1069,3.8673,20
1070,3.8673,20
1071,3.8673,20
1072,3.8673,20
1073,3.8673,20
1074,3.8673,20
1075,3.8673,20
1076,3.8673,20
1077,3.8673,20
1078,3.8673,20
1079,3.8673,20
1080,3.8673,20
1081,3.8673,20
1082,3.8673,20
1083,3.8673,20
1084,3.8673,20
1085,3.8673,20
1086,3.8673,20
1087,3.8673,20
1088,3.8673,20
1089,3.8673,20
1090,3.8673,20
1091,3.8673,20
1092,3.8673,20
1093,3.8673,20
1094,3.8673,20
1095,3.8673,20
1096,3.8673,20
1097,3.8650,20
1098,3.8650,20
1099,3.8650,20
1100,3.8650,20
1101,3.8650,20
1102,3.8650,20
1103,3.8650,20
1104,3.8650,20
1105,3.8650,20
1106,3.8650,20
1107,3.8650,20
1108,3.8650,20
1109,3.8650,20
1110,3.8650,20
1111,3.8650,20
1112,3.8650,20
1113,3.8650,20
1114,3.8650,20
1115,3.8650,20
1116,3.8650,20
1117,3.8650,20
1118,3.8650,20
1119,3.8650,20
1120,3.8650,20
1121,3.8650,20
1122,3.8650,20
1123,3.8650,20
1124,3.8580,20
1125,3.8580,20
1126,3.8580,20
1127,3.8580,20
1128,3.8580,20
1129,3.8580,20
1130,3.8580,20
1131,3.8580,20
1132,3.8580,20
1133,3.8580,20
1134,3.8580,20
1135,3.8580,20
1136,3.8580,20
1137,3.8580,20
1138,3.8580,20
1139,3.8580,20
1140,3.8580,20
1141,3.8580,20
1142,3.8580,20
1143,3.8580,20
1144,3.8580,20
1145,3.8580,20
1146,3.8580,20
1147,3.8580,20
1148,3.8580,20
1149,3.8580,20
1150,3.8580,20
1151,3.8580,20
1152,3.8580,20
1153,3.8580,20
1154,3.8580,20
1155,3.8580,20
1156,3.8580,20
1157,3.8580,20
1158,3.8580,20
1159,3.8580,20
1160,3.8580,20
1161,3.8580,20
1162,3.8580,20
1163,3.8580,20
1164,3.8580,20
1165,3.8580,20
1166,3.8580,20
1167,3.8580,20
1168,3.8580,20
1169,3.8580,20
1170,3.8580,20
1171,3.8580,20
1172,3.8580,20
1173,3.8580,20
1174,3.8580,20
1175,3.8580,20
1176,3.8580,20
1177,3.8580,20
1178,3.8580,20
1179,3.8580,20
1180,3.8580,20
1181,3.8580,20
1182,3.8580,20
1183,3.8580,20
1184,3.8580,20
1185,3.8580,20
1186,3.8580,20
1187,3.8580,20
1188,3.8580,20
1189,3.8580,20
1190,3.8580,20
1191,3.8580,20
1192,3.8580,20
1193,3.8580,20
1194,3.8580,20
1195,3.8580,20
1196,3.8580,20
1197,3.8580,20
1198,3.8580,20
1199,3.8580,20
1200,3.8580,20
1201,3.8580,20
1202,3.8580,20
1203,3.8580,20
1204,3.8573,20
1205,3.8573,20
1206,3.8573,20
1207,3.8573,20
1208,3.8573,20
1209,3.8573,20
1210,3.8573,20
1211,3.8573,20
1212,3.8573,20
1213,3.8573,20
1214,3.8573,20
1215,3.8573,20
1216,3.8573,20
1217,3.8573,20
1218,3.8573,20
1219,3.8573,20
1220,3.8573,20
1221,3.8573,20
1222,3.8573,20
1223,3.8573,20
1224,3.8573,20
1225,3.8573,20
1226,3.8573,20
1227,3.8573,20
1228,3.8573,20
1229,3.8573,20
1230,3.8573,20
1231,3.8573,20
1232,3.8573,20
1233,3.8573,20
1234,3.8542,20
1235,3.8511,20
1236,3.8511,20
1237,3.8511,20
1238,3.8511,20
1239,3.8511,20
1240,3.8511,20
1241,3.8511,20
1242,3.8511,20
1243,3.8511,20
1244,3.8511,20
1245,3.8511,20
1246,3.8511,20
1247,3.8511,20
1248,3.8511,20
1249,3.8511,20
1250,3.8511,20
1251,3.8511,20
1252,3.8511,20
1253,3.8511,20
1254,3.8511,20
1255,3.8511,20
1256,3.8511,20
1257,3.8511,20
1258,3.8511,20
1259,3.8511,20
1260,3.8511,20
1261,3.8511,20
1262,3.8511,20
1263,3.8511,20
1264,3.8511,20
1265,3.8511,20
1266,3.8511,20
1267,3.8511,20
1268,3.8511,20
1269,3.8511,20
1270,3.8511,20
1271,3.8511,20
1272,3.8511,20
1273,3.8511,20
1274,3.8511,20
1275,3.8511,20
1276,3.8511,20
1277,3.8511,20
1278,3.8511,20
1279,3.8426,20
1280,3.8426,20
1281,3.8426,20
1282,3.8426,20
1283,3.8426,20
1284,3.8426,20
1285,3.8426,20
1286,3.8426,20
1287,3.8426,20
1288,3.8426,20
1289,3.8426,20
1290,3.8426,20
1291,3.8426,20
1292,3.8426,20
1293,3.8426,20
1294,3.8426,20
1295,3.8426,20
1296,3.8426,20
1297,3.8426,20
1298,3.8426,20
1299,3.8426,20
1300,3.8426,20
1301,3.8426,20
1302,3.8426,20
1303,3.8410,20
1304,3.8410,20
1305,3.8410,20
1306,3.8410,20
1307,3.8410,20
1308,3.8410,20
1309,3.8410,20
1310,3.8410,20
1311,3.8410,20
1312,3.8410,20
1313,3.8410,20
1314,3.8410,20
1315,3.8410,20
1316,3.8410,20
1317,3.8410,20
1318,3.8410,20
1319,3.8410,20
1320,3.8410,20
1321,3.8410,20
1322,3.8410,20
1323,3.8410,20
1324,3.8410,20
1325,3.8410,20
1326,3.8410,20
1327,3.8410,20
1328,3.8410,20
1329,3.8410,20
1330,3.8410,20
1331,3.8410,20
1332,3.8410,20
1333,3.8410,20
1334,3.8356,20
1335,3.8356,20
1336,3.8356,20
1337,3.8356,20
1338,3.8356,20
1339,3.8356,20
1340,3.8356,20
1341,3.8356,20
1342,3.8356,20
1343,3.8356,20
1344,3.8356,20
1345,3.8356,20
1346,3.8356,20
1347,3.8356,20
1348,3.8356,20
1349,3.8356,20
1350,3.8356,20
1351,3.8356,20
1352,3.8356,20
1353,3.8356,20
1354,3.8356,20
1355,3.8356,20
1356,3.8356,20
1357,3.8356,20
1358,3.8356,20
1359,3.8356,20
1360,3.8341,20
1361,3.8341,20
1362,3.8341,20
1363,3.8341,20
1364,3.8341,20
1365,3.8341,20
1366,3.8341,20
1367,3.8341,20
1368,3.8341,20
1369,3.8341,20
1370,3.8341,20
1371,3.8341,20
1372,3.8341,20
1373,3.8341,20
1374,3.8341,20
1375,3.8341,20
1376,3.8341,20
1377,3.8341,20
1378,3.8341,20
1379,3.8341,20
1380,3.8341,20
1381,3.8341,20
1382,3.8341,20
1383,3.8341,20
1384,3.8341,20
1385,3.8341,20
1386,3.8341,20
1387,3.8341,20
1388,3.8341,20
1389,3.8225,20
1390,3.8225,20
1391,3.8225,20
1392,3.8225,20
1393,3.8225,20
1394,3.8225,20
1395,3.8225,20
1396,3.8225,20
1397,3.8225,20
1398,3.8225,20
1399,3.8225,20
1400,3.8225,20
1401,3.8009,20
1402,3.8009,20
1403,3.8009,20
1404,3.8009,20
1405,3.8009,20
1406,3.8009,20
1407,3.8009,20
1408,3.8009,20
1409,3.8009,20
1410,3.7963,20
1411,3.7963,20
1412,3.7963,20
1413,3.7963,20
1414,3.7963,20
1415,3.7963,20
1416,3.7963,20
1417,3.7963,20
1418,3.7963,20
1419,3.7963,20
1420,3.7963,20
1421,3.7963,20
1422,3.7963,20
1423,3.7963,20
1424,3.7963,20
1425,3.7963,20
1426,3.7963,20
1427,3.7963,20
1428,3.7963,20
1429,3.7963,20
1430,3.7963,20
1431,3.7816,20
1432,3.7816,20
1433,3.7816,20
1434,3.7816,20
1435,3.7816,20
1436,3.7816,20
1437,3.7816,20
1438,3.7816,20
1439,3.7816,20
1440,3.7816,20
1441,3.7816,20
1442,3.7816,20
1443,3.7816,20
1444,3.7816,20
1445,3.7816,20
1446,3.7816,20
1447,3.7816,20
1448,3.7816,20
1449,3.7816,20
1450,3.7816,20
1451,3.7816,20
1452,3.7816,20
1453,3.7816,20
1454,3.7816,20
1455,3.7816,20
1456,3.7816,20
1457,3.7816,20
1458,3.7816,20
1459,3.7816,20
1460,3.7816,20
1461,3.7816,20
1462,3.7816,20
1463,3.7816,20
1464,3.7816,20
1465,3.7816,20
1466,3.7816,20
1467,3.7816,20
1468,3.7747,20
1469,3.7747,20
1470,3.7747,20
1471,3.7747,20
1472,3.7747,20
1473,3.7747,20
1474,3.7747,20
1475,3.7747,20
1476,3.7747,20
1477,3.7747,20
1478,3.7747,20
1479,3.7747,20
1480,3.7747,20
1481,3.7747,20
1482,3.7747,20
1483,3.7747,20
1484,3.7747,20
1485,3.7747,20
1486,3.7747,20
1487,3.7731,20
1488,3.7731,20
1489,3.7731,20
1490,3.7731,20
1491,3.7731,20
1492,3.7731,20
1493,3.7731,20
1494,3.7731,20
1495,3.7731,20
1496,3.7731,20
1497,3.7731,20
1498,3.7731,20
1499,3.7731,20
1500,3.7731,20
1501,3.7731,20
1502,3.7731,20
1503,3.7731,20
1504,3.7731,20
1505,3.7731,20
1506,3.7731,20
1507,3.7731,20
1508,3.7731,20
1509,3.7731,20
1510,3.7731,20
1511,3.7731,20
1512,3.7731,20
1513,3.7731,20
1514,3.7731,20
1515,3.7731,20
1516,3.7731,20
1517,3.7731,20
1518,3.7731,20
1519,3.7731,20
1520,3.7731,20
1521,3.7731,20
1522,3.7731,20
1523,3.7685,20
1524,3.7685,20
1525,3.7685,20
1526,3.7685,20
1527,3.7685,20
1528,3.7685,20
1529,3.7685,20
1530,3.7670,20
1531,3.7670,20
1532,3.7670,20
1533,3.7670,20
1534,3.7670,20
1535,3.7670,20
1536,3.7670,20
1537,3.7670,20
1538,3.7670,20
1539,3.7670,20
1540,3.7670,20
1541,3.7670,20
1542,3.7670,20
1543,3.7670,20
1544,3.7670,20
1545,3.7670,20
1546,3.7639,20
1547,3.7639,20
1548,3.7639,20
1549,3.7639,20
1550,3.7639,20
1551,3.7639,20
1552,3.7639,20
1553,3.7639,20
1554,3.7639,20
1555,3.7639,20
1556,3.7639,20
1557,3.7639,20
1558,3.7639,20
1559,3.7639,20
1560,3.7639,20
1561,3.7639,20
1562,3.7639,20
1563,3.7639,20
1564,3.7639,20
1565,3.7639,20
1566,3.7639,20
1567,3.7639,20
1568,3.7639,20
1569,3.7639,20
1570,3.7639,20
1571,3.7639,20
1572,3.7639,20
1573,3.7639,20
1574,3.7639,20
1575,3.7623,20
1576,3.7623,20
1577,3.7623,20
1578,3.7623,20
1579,3.7623,20
1580,3.7623,20
1581,3.7623,20
1582,3.7623,20
1583,3.7623,20
1584,3.7608,20
1585,3.7608,20
1586,3.7608,20
1587,3.7608,20
1588,3.7608,20
1589,3.7608,20
1590,3.7608,20
1591,3.7608,20
1592,3.7608,20
1593,3.7608,20
1594,3.7608,20
1595,3.7608,20
1596,3.7608,20
1597,3.7608,20
1598,3.7608,20
1599,3.7608,20
1600,3.7608,20
1601,3.7608,20
1602,3.7608,20
1603,3.7608,20
1604,3.7608,20
1605,3.7608,20
1606,3.7608,20
1607,3.7608,20
1608,3.7608,20
1609,3.7608,20
1610,3.7608,20
1611,3.7608,20
1612,3.7608,20
1613,3.7608,20
1614,3.7608,20
1615,3.7608,20
1616,3.7608,20
1617,3.7608,20
1618,3.7608,20
1619,3.7608,20
1620,3.7608,20
1621,3.7608,20
1622,3.7608,20
1623,3.7608,20
1624,3.7608,20
1625,3.7608,20
1626,3.7608,20
1627,3.7608,20
1628,3.7608,20
1629,3.7608,20
1630,3.7608,20
1631,3.7608,20
1632,3.7608,20
1633,3.7608,20
1634,3.7608,20
1635,3.7608,20
1636,3.7608,20
1637,3.7608,20
1638,3.7608,20
1639,3.7608,20
1640,3.7608,20
1641,3.7608,20
1642,3.7608,20
1643,3.7608,20
1644,3.7608,20
1645,3.7608,20
1646,3.7608,20
1647,3.7608,20
1648,3.7608,20
1649,3.7608,20
1650,3.7608,20
1651,3.7608,20
1652,3.7608,20
1653,3.7608,20
1654,3.7608,20
1655,3.7608,20
1656,3.7608,20
1657,3.7608,20
1658,3.7608,20
1659,3.7608,20
1660,3.7608,20
1661,3.7608,20
1662,3.7608,20
1663,3.7608,20
1664,3.7608,20
1665,3.7608,20
1666,3.7608,20
1667,3.7608,20
1668,3.7608,20
1669,3.7608,20
1670,3.7608,20
1671,3.7608,20
1672,3.7608,20
1673,3.7608,20
1674,3.7608,20
1675,3.7608,20
1676,3.7608,20
1677,3.7608,20
1678,3.7608,20
1679,3.7608,20
1680,3.7608,20
1681,3.7608,20
1682,3.7608,20
1683,3.7608,20
1684,3.7608,20
1685,3.7608,20
1686,3.7569,19
1687,3.7569,19
1688,3.7569,19
1689,3.7569,19
1690,3.7569,19
1691,3.7569,19
1692,3.7569,19
1693,3.7569,19
1694,3.7569,19
1695,3.7569,19
1696,3.7569,19
1697,3.7569,19
1698,3.7569,19
1699,3.7569,19
1700,3.7569,19
1701,3.7569,19
1702,3.7569,19
1703,3.7569,19
1704,3.7569,19
1705,3.7569,19
1706,3.7569,19
1707,3.7569,19
1708,3.7569,19
1709,3.7569,19
1710,3.7569,19
1711,3.7569,19
1712,3.7569,19
1713,3.7569,19
1714,3.7569,19
1715,3.7569,19
1716,3.7569,19
1717,3.7569,19
1718,3.7569,19
1719,3.7569,19
1720,3.7569,19
1721,3.7569,19
1722,3.7569,19
1723,3.7569,19
1724,3.7569,19
1725,3.7569,19
1726,3.7569,19
1727,3.7569,19
1728,3.7569,19
1729,3.7569,19
1730,3.7569,19
1731,3.7569,19
1732,3.7569,19
1733,3.7569,19
1734,3.7569,19
1735,3.7569,19
1736,3.7569,19
1737,3.7569,19
1738,3.7569,19
1739,3.7569,19
1740,3.7569,19
1741,3.7569,19
1742,3.7569,19
1743,3.7569,19
1744,3.7531,19
1745,3.7531,19
1746,3.7531,19
1747,3.7531,19
1748,3.7531,19
1749,3.7531,19
1750,3.7531,19
1751,3.7531,19
1752,3.7531,19
1753,3.7531,19
1754,3.7531,19
1755,3.7531,19
1756,3.7531,19
1757,3.7531,19
1758,3.7531,19
1759,3.7531,19
1760,3.7531,19
1761,3.7531,19
1762,3.7531,19
1763,3.7531,19
1764,3.7531,19
1765,3.7531,19
1766,3.7531,19
1767,3.7531,19
1768,3.7531,19
1769,3.7531,19
1770,3.7531,19
1771,3.7531,19
1772,3.7531,19
1773,3.7531,19
1774,3.7531,19
1775,3.7531,19
1776,3.7531,19
1777,3.7531,19
1778,3.7531,19
1779,3.7531,19
1780,3.7531,19
1781,3.7531,19
1782,3.7531,19
1783,3.7531,19
1784,3.7531,19
1785,3.7531,19
1786,3.7531,19
1787,3.7531,19
1788,3.7531,19
1789,3.7531,19
1790,3.7531,19
1791,3.7531,19
1792,3.7531,19
1793,3.7531,19
1794,3.7531,19
1795,3.7531,19
1796,3.7531,19
1797,3.7531,19
1798,3.7531,19
1799,3.7531,19
1800,3.7531,19
1801,3.7531,19
1802,3.7531,19
1803,3.7531,19
1804,3.7531,19
1805,3.7531,19
1806,3.7531,19
1807,3.7531,19
1808,3.7531,19
1809,3.7531,19
1810,3.7531,19
1811,3.7531,19
1812,3.7531,19
1813,3.7515,19
1814,3.7515,19
1815,3.7515,19
1816,3.7515,19
1817,3.7515,19
1818,3.7515,19
1819,3.7515,19
1820,3.7515,19
1821,3.7515,19
1822,3.7515,19
1823,3.7515,19
1824,3.7515,19
1825,3.7515,19
1826,3.7515,19
1827,3.7515,19
1828,3.7515,19
1829,3.7515,19
1830,3.7515,19
1831,3.7515,19
1832,3.7515,19
1833,3.7515,19
1834,3.7515,19
1835,3.7492,20
1836,3.7454,20
1837,3.7454,20
1838,3.7454,20
1839,3.7454,20
1840,3.7454,20
1841,3.7454,20
1842,3.7454,20
1843,3.7454,20
1844,3.7454,20
1845,3.7454,20
1846,3.7454,20
1847,3.7454,20
1848,3.7454,20
1849,3.7454,20
1850,3.7454,20
1851,3.7454,20
1852,3.7454,20
1853,3.7454,20
1854,3.7454,20
1855,3.7454,20
1856,3.7454,20
1857,3.7454,20
1858,3.7454,20
1859,3.7454,20
1860,3.7454,20
1861,3.7454,20
1862,3.7454,20
1863,3.7454,20
1864,3.7454,20
1865,3.7454,20
1866,3.7454,20
1867,3.7454,20
1868,3.7454,20
1869,3.7454,20
1870,3.7407,20
1871,3.7407,20
1872,3.7407,20
1873,3.7407,20
1874,3.7392,20
1875,3.7392,20
1876,3.7392,20
1877,3.7392,20
1878,3.7392,20
1879,3.7392,20
1880,3.7392,20
1881,3.7392,20
1882,3.7392,20
1883,3.7392,20
1884,3.7392,20
1885,3.7392,20
1886,3.7392,20
1887,3.7392,20
1888,3.7392,20
1889,3.7392,20
1890,3.7392,20
1891,3.7392,20
1892,3.7392,20
1893,3.7392,20
1894,3.7392,20
1895,3.7392,20
1896,3.7392,20
1897,3.7392,20
1898,3.7392,20
1899,3.7392,20
1900,3.7392,20
1901,3.7392,20
1902,3.7392,20
1903,3.7392,20
1904,3.7392,20
1905,3.7392,20
1906,3.7392,20
1907,3.7392,20
1908,3.7392,20
1909,3.7392,20
1910,3.7392,20
1911,3.7392,20
1912,3.7392,20
1913,3.7392,20
1914,3.7392,20
1915,3.7392,20
1916,3.7392,20
1917,3.7392,20
1918,3.7392,20
1919,3.7392,20
1920,3.7392,20
1921,3.7392,20
1922,3.7392,20
1923,3.7392,20
1924,3.7392,20
1925,3.7392,20
1926,3.7392,20
1927,3.7392,20
1928,3.7392,20
1929,3.7392,20
1930,3.7392,20
1931,3.7392,20
1932,3.7392,20
1933,3.7392,20
1934,3.7392,20
1935,3.7392,20
1936,3.7346,20
1937,3.7346,20
1938,3.7346,20
1939,3.7346,20
1940,3.7346,20
1941,3.7346,20
1942,3.7346,20
1943,3.7346,20
1944,3.7346,20
1945,3.7346,20
1946,3.7346,20
1947,3.7346,20
1948,3.7346,20
1949,3.7346,20
1950,3.7346,20
1951,3.7346,20
1952,3.7346,20
1953,3.7346,20
1954,3.7346,20
1955,3.7346,20
1956,3.7346,20
1957,3.7346,20
1958,3.7346,20
1959,3.7346,20
1960,3.7346,20
1961,3.7346,20
1962,3.7346,20
1963,3.7346,20
1964,3.7346,20
1965,3.7346,20
1966,3.7346,20
1967,3.7346,20
1968,3.7346,20
1969,3.7346,20
1970,3.7346,20
1971,3.7346,20
1972,3.7346,20
1973,3.7346,20
1974,3.7346,20
1975,3.7346,20
1976,3.7346,20
1977,3.7346,20
1978,3.7346,20
1979,3.7315,20
1980,3.7315,20
1981,3.7315,20
1982,3.7315,20
1983,3.7315,20
1984,3.7168,20
1985,3.7168,20
1986,3.7168,20
1987,3.7168,20
1988,3.7168,20
1989,3.7168,20
1990,3.7168,20
1991,3.7168,20
1992,3.7168,20
1993,3.7168,20
1994,3.7168,20
1995,3.7168,20
1996,3.7168,20
1997,3.7168,20
1998,3.7168,20
1999,3.7168,20
2000,3.7168,20
2001,3.7168,20
2002,3.7168,20
2003,3.7168,20
2004,3.7168,20
2005,3.7168,20
2006,3.7168,20
2007,3.7168,20
2008,3.7168,20
2009,3.7130,20
2010,3.7130,20
2011,3.7130,20
2012,3.7130,20
2013,3.7130,20
2014,3.7130,20
2015,3.7130,20
2016,3.7130,20
2017,3.7130,20
2018,3.7130,20
2019,3.7130,20
2020,3.7130,20
2021,3.7130,20
2022,3.7130,20
2023,3.7130,20
2024,3.7130,20
2025,3.7130,20
2026,3.7130,20
2027,3.7130,20
2028,3.7130,20
2029,3.7130,20
2030,3.7130,20
2031,3.7130,20
2032,3.7130,20
2033,3.7130,20
2034,3.7130,20
2035,3.7130,20
2036,3.7130,20
2037,3.7130,20
2038,3.7130,20
2039,3.7130,20
2040,3.7130,20
2041,3.7130,20
2042,3.7130,20
2043,3.7130,20
2044,3.7130,20
2045,3.7130,20
2046,3.7130,20
2047,3.7130,20
2048,3.7130,20
2049,3.7130,20
2050,3.7130,20
2051,3.7130,20
2052,3.7130,20
2053,3.7130,20
2054,3.7130,20
2055,3.7130,20
2056,3.7130,20
2057,3.7130,20
2058,3.7130,20
2059,3.7106,20
2060,3.7106,20
2061,3.7106,20
2062,3.7106,20
2063,3.7106,20
2064,3.7106,20
2065,3.7106,20
2066,3.7106,20
2067,3.7106,20
2068,3.7106,20
2069,3.7106,20
2070,3.7106,20
2071,3.7106,20
2072,3.7106,20
2073,3.7106,20
2074,3.7106,20
2075,3.7106,20
2076,3.7106,20
2077,3.7106,20
2078,3.7106,20
2079,3.7068,20
2080,3.7068,20
2081,3.7068,20
2082,3.7068,20
2083,3.7068,20
2084,3.7068,20
2085,3.7068,20
2086,3.7068,20
2087,3.7068,20
2088,3.7068,20
2089,3.7068,20
2090,3.7068,20
2091,3.7068,20
2092,3.7068,20
2093,3.7068,20
2094,3.7068,20
2095,3.7068,20
2096,3.7068,20
2097,3.7068,20
2098,3.7068,20
2099,3.7068,20
2100,3.7068,20
2101,3.7068,20
2102,3.7068,20
2103,3.7068,20
2104,3.7068,20
2105,3.7068,20
2106,3.7068,20
2107,3.7068,20
2108,3.7068,20
2109,3.7068,20
2110,3.7068,20
2111,3.7068,20
2112,3.7068,20
2113,3.7068,20
2114,3.7068,20
2115,3.7068,20
2116,3.7068,20
2117,3.7068,20
2118,3.7068,20
2119,3.7068,20
2120,3.7068,20
2121,3.7068,20
2122,3.7068,20
2123,3.7068,20
2124,3.7068,20
2125,3.7068,20
2126,3.7068,20
2127,3.7068,20
2128,3.7068,20
2129,3.7068,20
2130,3.7068,20
2131,3.7068,20
2132,3.7068,20
2133,3.7068,20
2134,3.7068,20
2135,3.7068,20
2136,3.7068,20
2137,3.7068,20
2138,3.7068,20
2139,3.7068,20
2140,3.7068,20
2141,3.7068,20
2142,3.7068,20
2143,3.7068,20
2144,3.7068,20
2145,3.7068,20
2146,3.7068,20
2147,3.7068,20
2148,3.7068,20
2149,3.7068,20
2150,3.7068,20
2151,3.7068,20
2152,3.7068,20
2153,3.7068,20
2154,3.7068,20
2155,3.7068,20
2156,3.7068,20
2157,3.7068,20
2158,3.7068,20
2159,3.7068,20
2160,3.7068,20
2161,3.7068,20
2162,3.7068,20
2163,3.7068,20
2164,3.7068,20
2165,3.7068,20
2166,3.7068,20
2167,3.7068,20
2168,3.7068,20
2169,3.7068,20
2170,3.7068,20
2171,3.7068,20
2172,3.7068,20
2173,3.7068,20
2174,3.7068,20
2175,3.7068,20
2176,3.7068,20
2177,3.7068,20
2178,3.7068,20
2179,3.7068,20
2180,3.7068,20
2181,3.7068,20
2182,3.7068,20
2183,3.7068,20
2184,3.7068,20
2185,3.7068,20
2186,3.7068,20
2187,3.7068,20
2188,3.7068,20
2189,3.7068,20
2190,3.7068,20
2191,3.7068,20
2192,3.7068,20
2193,3.7068,20
2194,3.7068,20
2195,3.7068,20
2196,3.7068,20
2197,3.7068,20
2198,3.7068,20
2199,3.7068,20
2200,3.7068,20
2201,3.7068,20
2202,3.7068,20
2203,3.7068,20
2204,3.7068,20
2205,3.7068,20
2206,3.7068,20
2207,3.7068,20
2208,3.7068,20
2209,3.7068,20
2210,3.7068,20
2211,3.7068,20
2212,3.7037,20
2213,3.7037,20
2214,3.7037,20
2215,3.7037,20
2216,3.7037,20
2217,3.7037,20
2218,3.7037,20
2219,3.7037,20
2220,3.7037,20
2221,3.7037,20
2222,3.7037,20
2223,3.7037,20
2224,3.7037,20
2225,3.7037,20
2226,3.7037,20
2227,3.7037,20
2228,3.7037,20
2229,3.7037,20
2230,3.7037,20
2231,3.7037,20
2232,3.7037,20
2233,3.7037,20
2234,3.7037,20
2235,3.7037,20
2236,3.7037,20
2237,3.7037,20
2238,3.7037,20
2239,3.7037,20
2240,3.7037,20
2241,3.7037,20
2242,3.7037,20
2243,3.7037,20
2244,3.7037,20
2245,3.7037,20
2246,3.7037,20
2247,3.7037,20
2248,3.7037,20
2249,3.7037,20
2250,3.7037,20
2251,3.7037,20
2252,3.7037,20
2253,3.7037,20
2254,3.7037,20
2255,3.7037,20
2256,3.7037,20
2257,3.7037,20
2258,3.7037,20
2259,3.7037,20
2260,3.7037,20
2261,3.7037,20
2262,3.7037,20
2263,3.7037,20
2264,3.7037,20
2265,3.7037,20
2266,3.7037,20
2267,3.7037,20
2268,3.7037,20
2269,3.7037,20
2270,3.7037,20
2271,3.7037,20
2272,3.7037,20
2273,3.7037,20
2274,3.7037,20
2275,3.7037,20
2276,3.7037,20
2277,3.7037,20
2278,3.7037,20
2279,3.7037,20
2280,3.7037,20
2281,3.7037,20
2282,3.7037,20
2283,3.7037,20
2284,3.7037,20
2285,3.7037,20
2286,3.7037,20
2287,3.7037,20
2288,3.7037,20
2289,3.7037,20
2290,3.7037,20
2291,3.7037,20
2292,3.7037,20
2293,3.7037,20
2294,3.7037,20
2295,3.7037,20
2296,3.7037,20
2297,3.7037,20
2298,3.7037,20
2299,3.7037,20
2300,3.7037,20
2301,3.7037,20
2302,3.7037,20
2303,3.7037,20
2304,3.7037,20
2305,3.7037,20
2306,3.7037,20
2307,3.7037,20
2308,3.7037,20
2309,3.7037,20
2310,3.7037,20
2311,3.7037,20
2312,3.7037,20
2313,3.7037,20
2314,3.7037,20
2315,3.7037,20
2316,3.7037,20
2317,3.7037,20
2318,3.7037,20
2319,3.7037,20
2320,3.7037,20
2321,3.7037,20
2322,3.7037,20
2323,3.7037,20
2324,3.7037,20
2325,3.7037,20
2326,3.7037,20
2327,3.7037,20
2328,3.7037,20
2329,3.7037,20
2330,3.7037,20
2331,3.7037,20
2332,3.7037,20
2333,3.7037,20
2334,3.7037,20
2335,3.7037,20
2336,3.7037,20
2337,3.7037,20
2338,3.7037,20
2339,3.6952,20
2340,3.6952,20
2341,3.6952,20
2342,3.6952,20
2343,3.6952,20
2344,3.6952,20
2345,3.6952,20
2346,3.6952,20
2347,3.6952,20
2348,3.6952,20
2349,3.6952,20
2350,3.6952,20
2351,3.6952,20
2352,3.6952,20
2353,3.6952,20
2354,3.6952,20
2355,3.6952,20
2356,3.6952,20
2357,3.6952,20
2358,3.6952,20
2359,3.6952,20
2360,3.6952,20
2361,3.6952,20
2362,3.6952,20
2363,3.6952,20
2364,3.6952,20
2365,3.6952,20
2366,3.6952,20
2367,3.6952,20
2368,3.6952,20
2369,3.6952,20
2370,3.6952,20
2371,3.6952,20
2372,3.6952,20
2373,3.6952,20
2374,3.6952,20
2375,3.6952,20
2376,3.6952,20
2377,3.6952,20
2378,3.6952,20
2379,3.6952,20
2380,3.6952,20
2381,3.6952,20
2382,3.6952,20
2383,3.6952,20
2384,3.6952,20
2385,3.6952,20
2386,3.6952,20
2387,3.6952,20
2388,3.6952,20
2389,3.6952,20
2390,3.6952,20
2391,3.6952,20
2392,3.6952,20
2393,3.6952,20
2394,3.6952,20
2395,3.6952,20
2396,3.6952,20
2397,3.6952,20
2398,3.6952,20
2399,3.6806,20
2400,3.6806,20
2401,3.6806,20
2402,3.6806,20
2403,3.6806,20
2404,3.6806,20
2405,3.6806,20
2406,3.6806,20
2407,3.6806,20
2408,3.6806,20
2409,3.6806,20
2410,3.6806,20
2411,3.6806,20
2412,3.6806,20
2413,3.6806,20
2414,3.6806,20
2415,3.6806,20
2416,3.6806,20
2417,3.6806,20
2418,3.6806,20
2419,3.6806,20
2420,3.6806,20
2421,3.6806,20
2422,3.6806,20
2423,3.6806,20
2424,3.6806,20
2425,3.6806,20
2426,3.6806,20
2427,3.6798,20
2428,3.6798,20
2429,3.6798,20
2430,3.6798,20
2431,3.6798,20
2432,3.6798,20
2433,3.6798,20
2434,3.6798,20
2435,3.6798,20
2436,3.6798,20
2437,3.6798,20
2438,3.6798,20
2439,3.6798,20
2440,3.6798,20
2441,3.6798,20
2442,3.6798,20
2443,3.6798,20
2444,3.6798,20
2445,3.6798,20
2446,3.6798,20
2447,3.6798,20
2448,3.6798,20
2449,3.6798,20
2450,3.6798,20
2451,3.6798,20
2452,3.6798,20
2453,3.6798,20
2454,3.6798,20
2455,3.6798,20
2456,3.6798,20
2457,3.6798,20
2458,3.6798,20
2459,3.6798,20
2460,3.6798,20
2461,3.6798,20
2462,3.6798,20
2463,3.6798,20
2464,3.6798,20
2465,3.6798,20
2466,3.6798,20
2467,3.6798,20
2468,3.6798,20
2469,3.6798,20
2470,3.6798,20
2471,3.6798,20
2472,3.6798,20
2473,3.6798,20
2474,3.6798,20
2475,3.6798,20
2476,3.6798,20
2477,3.6798,20
2478,3.6798,20
2479,3.6798,20
2480,3.6798,20
2481,3.6798,20
2482,3.6798,20
2483,3.6798,20
2484,3.6798,20
2485,3.6798,20
2486,3.6798,20
2487,3.6798,20
2488,3.6798,20
2489,3.6798,20
2490,3.6798,20
2491,3.6798,20
2492,3.6798,20
2493,3.6798,20
2494,3.6798,20
2495,3.6798,20
2496,3.6798,20
2497,3.6798,20
2498,3.6798,20
2499,3.6798,20
2500,3.6798,20
2501,3.6798,20
2502,3.6798,20
2503,3.6798,20
2504,3.6798,20
2505,3.6798,20
2506,3.6798,20
2507,3.6798,20
2508,3.6798,20
2509,3.6798,20
2510,3.6798,20
2511,3.6798,20
2512,3.6798,20
2513,3.6798,20
2514,3.6798,20
2515,3.6798,20
2516,3.6798,20
2517,3.6798,20
2518,3.6798,20
2519,3.6798,20
2520,3.6798,20
2521,3.6798,20
2522,3.6798,20
2523,3.6798,20
2524,3.6798,20
2525,3.6798,20
2526,3.6798,20
2527,3.6798,20
2528,3.6798,20
2529,3.6798,20
2530,3.6798,20
2531,3.6798,20
2532,3.6798,20
2533,3.6798,20
2534,3.6798,20
2535,3.6798,20
2536,3.6798,20
2537,3.6798,20
2538,3.6798,20
2539,3.6798,20
2540,3.6798,20
2541,3.6798,20
2542,3.6798,20
2543,3.6798,20
2544,3.6798,20
2545,3.6798,20
2546,3.6798,20
2547,3.6798,20
2548,3.6798,20
2549,3.6798,20
2550,3.6798,20
2551,3.6798,20
2552,3.6798,20
2553,3.6798,20
2554,3.6798,20
2555,3.6798,20
2556,3.6798,20
2557,3.6798,20
2558,3.6798,20
2559,3.6798,20
2560,3.6798,20
2561,3.6798,20
2562,3.6798,20
2563,3.6798,20
2564,3.6798,20
2565,3.6798,20
2566,3.6798,20
2567,3.6798,20
2568,3.6798,20
2569,3.6798,20
2570,3.6798,20
2571,3.6798,20
2572,3.6798,20
2573,3.6798,20
2574,3.6798,20
2575,3.6798,20
2576,3.6798,20
2577,3.6798,20
2578,3.6798,20
2579,3.6798,20
2580,3.6798,20
2581,3.6798,20
2582,3.6798,20
2583,3.6798,20
2584,3.6798,20
2585,3.6798,20
2586,3.6798,20
2587,3.6798,20
2588,3.6798,20
2589,3.6798,20
2590,3.6798,20
2591,3.6798,20
2592,3.6798,20
2593,3.6798,20
2594,3.6798,20
2595,3.6798,20
2596,3.6798,20
2597,3.6798,20
2598,3.6798,20
2599,3.6798,20
2600,3.6798,20
2601,3.6798,20
2602,3.6798,20
2603,3.6798,20
2604,3.6798,20
2605,3.6798,20
2606,3.6798,20
2607,3.6798,20
2608,3.6798,20
2609,3.6798,20
2610,3.6798,20
2611,3.6798,20
2612,3.6798,20
2613,3.6798,20
2614,3.6798,20
2615,3.6798,20
2616,3.6798,20
2617,3.6798,20
2618,3.6798,20
2619,3.6798,20
2620,3.6798,20
2621,3.6798,20
2622,3.6798,20
2623,3.6798,20
2624,3.6798,20
2625,3.6798,20
2626,3.6798,20
2627,3.6798,20
2628,3.6798,20
2629,3.6798,20
2630,3.6798,20
2631,3.6798,20
2632,3.6798,20
2633,3.6798,20
2634,3.6798,20
2635,3.6798,20
2636,3.6798,20
2637,3.6798,20
2638,3.6798,20
2639,3.6798,20
2640,3.6790,20
2641,3.6790,20
2642,3.6790,20
2643,3.6790,20
2644,3.6790,20
2645,3.6790,20
2646,3.6790,20
2647,3.6790,20
2648,3.6790,20
2649,3.6790,20
2650,3.6790,20
2651,3.6790,20
2652,3.6790,20
2653,3.6790,20
2654,3.6790,20
2655,3.6790,20
2656,3.6790,20
2657,3.6790,20
2658,3.6790,20
2659,3.6790,20
2660,3.6790,20
2661,3.6790,20
2662,3.6790,20
2663,3.6790,20
2664,3.6790,20
2665,3.6790,20
2666,3.6790,20
2667,3.6790,20
2668,3.6790,20
2669,3.6790,20
2670,3.6790,20
2671,3.6790,20
2672,3.6790,20
2673,3.6790,20
2674,3.6790,20
2675,3.6790,20
2676,3.6790,20
2677,3.6790,20
2678,3.6790,20
2679,3.6790,20
2680,3.6790,20
2681,3.6790,20
2682,3.6790,20
2683,3.6790,20
2684,3.6790,20
2685,3.6790,20
2686,3.6790,20
2687,3.6790,20
2688,3.6790,20
2689,3.6790,20
2690,3.6790,20
2691,3.6790,20
2692,3.6790,20
2693,3.6790,20
2694,3.6790,20
2695,3.6790,20
2696,3.6790,20
2697,3.6790,20
2698,3.6790,20
2699,3.6790,20
2700,3.6790,20
2701,3.6790,20
2702,3.6790,20
2703,3.6790,20
2704,3.6790,20
2705,3.6790,20
2706,3.6790,20
2707,3.6790,20
2708,3.6790,20
2709,3.6790,20
2710,3.6790,20
2711,3.6790,20
2712,3.6790,20
2713,3.6790,20
2714,3.6775,20
2715,3.6775,20
2716,3.6775,20
2717,3.6775,20
2718,3.6775,20
2719,3.6775,20
2720,3.6775,20
2721,3.6775,20
2722,3.6775,20
2723,3.6775,20
2724,3.6775,20
2725,3.6775,20
2726,3.6775,20
2727,3.6775,20
2728,3.6775,20
2729,3.6775,20
2730,3.6775,20
2731,3.6775,20
2732,3.6775,20
2733,3.6775,20
2734,3.6775,20
2735,3.6775,20
2736,3.6775,20
2737,3.6775,20
2738,3.6775,20
2739,3.6775,20
2740,3.6775,20
2741,3.6775,20
2742,3.6775,20
2743,3.6775,20
2744,3.6775,20
2745,3.6775,20
2746,3.6775,20
2747,3.6775,20
2748,3.6775,20
2749,3.6775,20
2750,3.6775,20
2751,3.6775,20
2752,3.6775,20
2753,3.6775,20
2754,3.6775,20
2755,3.6775,20
2756,3.6775,20
2757,3.6775,20
2758,3.6775,20
2759,3.6775,20
2760,3.6775,20
2761,3.6775,20
2762,3.6775,20
2763,3.6775,20
2764,3.6775,20
2765,3.6775,20
2766,3.6775,20
2767,3.6775,20
2768,3.6775,20
2769,3.6775,20
2770,3.6775,20
2771,3.6775,20
2772,3.6775,20
2773,3.6775,20
2774,3.6775,20
2775,3.6775,20
2776,3.6775,20
2777,3.6775,20
2778,3.6775,20
2779,3.6775,20
2780,3.6775,20
2781,3.6775,20
2782,3.6775,20
2783,3.6775,20
2784,3.6775,20
2785,3.6775,20
2786,3.6775,20
2787,3.6775,20
2788,3.6775,20
2789,3.6775,20
2790,3.6775,20
2791,3.6775,20
2792,3.6775,20
2793,3.6775,20
2794,3.6775,20
2795,3.6775,20
2796,3.6698,20
2797,3.6698,20
2798,3.6698,20
2799,3.6698,20
2800,3.6698,20
2801,3.6698,20
2802,3.6698,20
2803,3.6698,20
2804,3.6698,20
2805,3.6698,20
2806,3.6698,20
2807,3.6698,20
2808,3.6698,20
2809,3.6698,20
2810,3.6698,20
2811,3.6698,20
2812,3.6698,20
2813,3.6698,20
2814,3.6698,20
2815,3.6698,20
2816,3.6698,20
2817,3.6698,20
2818,3.6698,20
2819,3.6698,20
2820,3.6698,20
2821,3.6674,20
2822,3.6674,20
2823,3.6674,20
2824,3.6674,20
2825,3.6674,20
2826,3.6674,20
2827,3.6674,20
2828,3.6674,20
2829,3.6674,20
2830,3.6674,20
2831,3.6674,20
2832,3.6674,20
2833,3.6674,20
2834,3.6674,20
2835,3.6674,20
2836,3.6667,20
2837,3.6667,20
2838,3.6667,20
2839,3.6667,20
2840,3.6667,20
2841,3.6667,20
2842,3.6667,20
2843,3.6667,20
2844,3.6667,20
2845,3.6667,20
2846,3.6667,20
2847,3.6667,20
2848,3.6667,20
2849,3.6667,20
2850,3.6667,20
2851,3.6667,20
2852,3.6667,20
2853,3.6667,20
2854,3.6667,20
2855,3.6667,20
2856,3.6667,20
2857,3.6667,20
2858,3.6667,20
2859,3.6667,20
2860,3.6667,20
2861,3.6667,20
2862,3.6667,20
2863,3.6667,20
2864,3.6667,20
2865,3.6667,20
2866,3.6667,20
2867,3.6667,20
2868,3.6667,20
2869,3.6667,20
2870,3.6667,20
2871,3.6667,20
2872,3.6667,20
2873,3.6667,20
2874,3.6667,20
2875,3.6636,20
2876,3.6636,20
2877,3.6636,20
2878,3.6636,20
2879,3.6636,20
2880,3.6636,20
2881,3.6636,20
2882,3.6636,20
2883,3.6636,20
2884,3.6636,20
2885,3.6636,20
2886,3.6636,20
2887,3.6636,20
2888,3.6636,20
2889,3.6636,20
2890,3.6636,20
2891,3.6636,20
2892,3.6636,20
2893,3.6636,20
2894,3.6636,20
2895,3.6636,20
2896,3.6636,20
2897,3.6636,20
2898,3.6636,20
2899,3.6636,20
2900,3.6636,20
2901,3.6636,20
2902,3.6636,20
2903,3.6636,20
2904,3.6636,20
2905,3.6636,20
2906,3.6636,20
2907,3.6636,20
2908,3.6636,20
2909,3.6636,20
2910,3.6636,20
2911,3.6636,20
2912,3.6636,20
2913,3.6636,20
2914,3.6636,20
2915,3.6636,20
2916,3.6636,20
2917,3.6636,20
2918,3.6636,20
2919,3.6636,20
2920,3.6636,20
2921,3.6636,20
2922,3.6636,20
2923,3.6636,20
2924,3.6636,20
2925,3.6636,20
2926,3.6636,20
2927,3.6636,20
2928,3.6636,20
2929,3.6636,20
2930,3.6636,20
2931,3.6636,20
2932,3.6636,20
2933,3.6636,20
2934,3.6636,20
2935,3.6636,20
2936,3.6636,20
2937,3.6636,20
2938,3.6636,20
2939,3.6636,20
2940,3.6636,20
2941,3.6636,20
2942,3.6636,20
2943,3.6636,20
2944,3.6636,20
2945,3.6636,20
2946,3.6636,20
2947,3.6636,20
2948,3.6636,20
2949,3.6636,20
2950,3.6636,20
2951,3.6636,20
2952,3.6636,20
2953,3.6636,20
2954,3.6636,20
2955,3.6636,20
2956,3.6636,20
2957,3.6636,20
2958,3.6636,20
2959,3.6636,20
2960,3.6636,20
2961,3.6636,20
2962,3.6636,20
2963,3.6636,20
2964,3.6636,20
2965,3.6628,20
2966,3.6628,20
2967,3.6628,20
2968,3.6628,20
2969,3.6628,20
2970,3.6628,20
2971,3.6628,20
2972,3.6628,20
2973,3.6628,20
2974,3.6628,20
2975,3.6628,20
2976,3.6628,20
2977,3.6628,20
2978,3.6628,20
2979,3.6628,20
2980,3.6628,20
2981,3.6628,20
2982,3.6628,20
2983,3.6628,20
2984,3.6628,20
2985,3.6628,20
2986,3.6628,20
2987,3.6628,20
2988,3.6628,20
2989,3.6628,20
2990,3.6628,20
2991,3.6628,20
2992,3.6628,20
2993,3.6628,20
2994,3.6628,20
2995,3.6628,20
2996,3.6628,20
2997,3.6628,20
2998,3.6628,20
2999,3.6628,20
